i_th animation,N_th class,class folder,class name,i_th in-class animation,dataset animation name,mixamo name,mixamo description,mixamo url,n search results,i_th search result,n frames,trim: from,trim: to,min n trimed frames,max n trimed frames,adjust trim start,adjust trim end,available  trim start,available  trim end,n mixamo variables,min of mixamo var 0,max of mixamo var 0,min of mixamo var 1,max of mixamo var 1,min of mixamo var 2,max of mixamo var 2,min of mixamo var 3,max of mixamo var 3,min of mixamo var 4,max of mixamo var 4,saved as,repetition,rotation
0,0,class_00,dancing,0,animation_000,Hip Hop Dancing,Hip Hop Dancing Shimmy,https://www.mixamo.com/#/?genres=&page=1&query=Hip+Hop+Dancing+Shimmy&type=Motion%2CMotionPack,1,0,360,55,72,62,62,FALSE,FALSE,-50,150,4,50,100,50,50,0,100,0,100,nan,nan,Hip Hop Dancing.fbx,FALSE,0
1,0,class_00,dancing,1,animation_001,Hip Hop Dancing,Hip Hop Dancing Shimmy,https://www.mixamo.com/#/?genres=&page=1&query=Hip+Hop+Dancing+Shimmy&type=Motion%2CMotionPack,1,0,360,70,87,62,62,FALSE,FALSE,-50,150,4,50,100,50,50,0,100,0,100,nan,nan,Hip Hop Dancing.fbx,FALSE,0
2,0,class_00,dancing,2,animation_002,Samba Dancing,Defile De Samba Parade Variation,https://www.mixamo.com/#/?genres=&page=1&query=Defile+De+Samba+Parade+Variation&type=Motion%2CMotionPack,1,0,324,4,23,62,62,FALSE,FALSE,-50,150,4,50,100,50,50,0,100,0,100,nan,nan,Samba Dancing.fbx,FALSE,0
3,0,class_00,dancing,3,animation_003,Samba Dancing,Samba Dance Olodum Variation Two,https://www.mixamo.com/#/?genres=&page=1&query=Samba+Dance+Olodum+Variation+Two&type=Motion%2CMotionPack,1,0,547,98,109,61,61,FALSE,FALSE,-50,150,4,50,100,50,50,0,100,0,100,nan,nan,Samba Dancing.fbx,FALSE,0
4,0,class_00,dancing,4,animation_004,Hip Hop Dancing,Hip Hop Robot Dance Variation Two,https://www.mixamo.com/#/?genres=&page=1&query=Hip+Hop+Robot+Dance+Variation+Two&type=Motion%2CMotionPack,1,0,461,0,13,61,61,FALSE,FALSE,-50,150,4,50,100,50,50,0,100,0,100,nan,nan,Hip Hop Dancing.fbx,FALSE,0
5,0,class_00,dancing,5,animation_005,Hip Hop Dancing,Hip Hop Robot Dance Variation Two,https://www.mixamo.com/#/?genres=&page=1&query=Hip+Hop+Robot+Dance+Variation+Two&type=Motion%2CMotionPack,1,0,461,75,88,61,61,FALSE,FALSE,-50,150,4,50,100,50,50,0,100,0,100,nan,nan,Hip Hop Dancing.fbx,FALSE,0
6,0,class_00,dancing,6,animation_006,Bellydancing,Bellydance Variation 2,https://www.mixamo.com/#/?genres=&page=1&query=Bellydance+Variation+2&type=Motion%2CMotionPack,1,0,762,0,8,62,62,FALSE,FALSE,-50,150,4,50,100,50,50,0,100,0,100,nan,nan,Bellydancing.fbx,FALSE,0
7,0,class_00,dancing,7,animation_007,Bellydancing,Bellydance Variation 2,https://www.mixamo.com/#/?genres=&page=1&query=Bellydance+Variation+2&type=Motion%2CMotionPack,1,0,762,33,41,62,62,FALSE,FALSE,-50,150,4,50,100,50,50,0,100,0,100,nan,nan,Bellydancing.fbx,FALSE,0
8,0,class_00,dancing,8,animation_008,Bellydancing,Bellydance Variation 2,https://www.mixamo.com/#/?genres=&page=1&query=Bellydance+Variation+2&type=Motion%2CMotionPack,1,0,762,56,64,62,62,FALSE,FALSE,-50,150,4,50,100,50,50,0,100,0,100,nan,nan,Bellydancing.fbx,FALSE,165
9,0,class_00,dancing,9,animation_009,Hip Hop Dancing,Hip Hop Quake Variation 1,https://www.mixamo.com/#/?genres=&page=1&query=Hip+Hop+Quake+Variation+1,1,0,474,0,13,62,62,FALSE,FALSE,-50,150,4,50,100,50,50,0,100,0,100,nan,nan,Hip Hop Dancing.fbx,FALSE,0
10,0,class_00,dancing,10,animation_010,Hip Hop Dancing,Hip Hop Quake Variation 1,https://www.mixamo.com/#/?genres=&page=1&query=Hip+Hop+Quake+Variation+1,1,0,474,14,27,63,63,FALSE,FALSE,-50,150,4,50,100,50,50,0,100,0,100,nan,nan,Hip Hop Dancing.fbx,FALSE,0
11,0,class_00,dancing,11,animation_011,Hip Hop Dancing,Hip Hop Quake Variation 1,https://www.mixamo.com/#/?genres=&page=1&query=Hip+Hop+Quake+Variation+1,1,0,474,69,82,63,63,FALSE,FALSE,-50,150,4,50,100,50,50,0,100,0,100,nan,nan,Hip Hop Dancing.fbx,FALSE,0
12,0,class_00,dancing,12,animation_012,Jazz Dancing,Female Jazz Square Dancing,https://www.mixamo.com/#/?genres=&page=1&query=Female+Jazz+Square+Dancing,1,0,62,-25,77,60,66,FALSE,FALSE,-50,150,3,50,100,50,50,0,100,nan,nan,nan,nan,Jazz Dancing.fbx,FALSE,0
13,0,class_00,dancing,13,animation_013,Hip Hop Dancing,Female Hip Hop 'Kick Step' Dancing,https://www.mixamo.com/#/?genres=&page=1&query=Female+Hip+Hop+%27Kick+Step%27+Dancing,1,0,191,0,31,60,60,FALSE,FALSE,-50,150,3,50,100,50,50,0,100,nan,nan,nan,nan,Hip Hop Dancing.fbx,FALSE,0
14,0,class_00,dancing,14,animation_014,Hip Hop Dancing,Female Hip Hop 'Kick Step' Dancing,https://www.mixamo.com/#/?genres=&page=1&query=Female+Hip+Hop+%27Kick+Step%27+Dancing,1,0,191,34,65,60,60,FALSE,FALSE,-50,150,3,50,100,50,50,0,100,nan,nan,nan,nan,Hip Hop Dancing.fbx,FALSE,0
15,0,class_00,dancing,15,animation_015,Samba Dancing,Female Samba Ijexa Break,https://www.mixamo.com/#/?genres=&page=1&query=Female+Samba+Ijexa+Break,1,0,822,50,58,66,66,FALSE,FALSE,-50,150,3,50,100,50,50,0,100,nan,nan,nan,nan,Samba Dancing.fbx,FALSE,0
16,0,class_00,dancing,16,animation_016,Samba Dancing,Female Samba Ijexa Break,https://www.mixamo.com/#/?genres=&page=1&query=Female+Samba+Ijexa+Break,1,0,822,77,85,67,67,FALSE,FALSE,-50,150,3,50,100,50,50,0,100,nan,nan,nan,nan,Samba Dancing.fbx,FALSE,0
17,0,class_00,dancing,17,animation_017,Hip Hop Dancing,Female Hip Hop 'Slide Step' Dancing,https://www.mixamo.com/#/?genres=&page=1&query=Female+Hip+Hop+%27Slide+Step%27+Dancing,1,0,135,0,44,60,60,FALSE,FALSE,-50,150,3,50,100,50,50,0,100,nan,nan,nan,nan,Hip Hop Dancing.fbx,FALSE,0
18,0,class_00,dancing,18,animation_018,Silly Dancing,Silly Dancing The Cabbage Patch,https://www.mixamo.com/#/?genres=&page=1&query=Silly+Dancing+The+Cabbage+Patch,1,0,116,2,53,60,60,FALSE,FALSE,-50,150,3,50,100,50,50,0,100,nan,nan,nan,nan,Silly Dancing.fbx,FALSE,0
19,0,class_00,dancing,19,animation_019,Rumba Dancing,Female Rumba Dancing - Loop,https://www.mixamo.com/#/?genres=&page=1&query=Female+Rumba+Dancing+-+Loop,1,0,72,0,86,60,67,FALSE,FALSE,-50,150,3,50,100,50,50,0,100,nan,nan,nan,nan,Rumba Dancing.fbx,FALSE,0
20,0,class_00,dancing,20,animation_020,Shuffling,Doing The Shuffling Dance,https://www.mixamo.com/#/?genres=&page=1&query=Doing+The+Shuffling+Dance,1,0,226,4,30,60,60,FALSE,FALSE,-50,150,2,50,100,50,50,nan,nan,nan,nan,nan,nan,Shuffling.fbx,FALSE,0
21,0,class_00,dancing,21,animation_021,Dancing Twerk,Dancing The Twerk,https://www.mixamo.com/#/?genres=&page=1&query=Dancing+The+Twerk,1,0,457,0,13,60,60,FALSE,FALSE,-50,150,2,50,100,50,50,nan,nan,nan,nan,nan,nan,Dancing Twerk.fbx,FALSE,0
22,0,class_00,dancing,22,animation_022,Dancing Twerk,Dancing The Twerk,https://www.mixamo.com/#/?genres=&page=1&query=Dancing+The+Twerk,1,0,457,50,63,60,60,FALSE,FALSE,-50,150,2,50,100,50,50,nan,nan,nan,nan,nan,nan,Dancing Twerk.fbx,FALSE,0
23,0,class_00,dancing,23,animation_023,Hip Hop Dancing,Female Hip Hop 'Arm Wave' Dancing,https://www.mixamo.com/#/?genres=&page=1&query=Female+Hip+Hop+%27Arm+Wave%27+Dancing,1,0,157,0,38,60,60,FALSE,FALSE,-50,150,3,50,100,50,50,0,100,nan,nan,nan,nan,Hip Hop Dancing.fbx,FALSE,0
24,0,class_00,dancing,24,animation_024,Swing Dancing,Swing Dance Shim Sham Variation 2,https://www.mixamo.com/#/?genres=&page=1&query=Swing+Dance+Shim+Sham+Variation+2,2,0,157,0,38,60,60,FALSE,FALSE,-50,150,4,50,100,50,50,0,100,0,100,nan,nan,Swing Dancing.fbx,FALSE,0
25,0,class_00,dancing,25,animation_025,Breakdance Ready,Ready To Breakdance,https://www.mixamo.com/#/?genres=&page=1&query=Ready+To+Breakdance,4,3,64,0,94,60,60,FALSE,FALSE,-50,150,2,50,100,50,50,nan,nan,nan,nan,nan,nan,Breakdance Ready.fbx,FALSE,0
26,0,class_00,dancing,26,animation_026,Bboy Hip Hop Move,Bboy Hip Hop Variation One,https://www.mixamo.com/#/?genres=&page=1&query=Bboy+Hip+Hop+Variation+One,2,0,67,0,90,60,60,FALSE,FALSE,-50,150,5,50,100,50,50,0,100,0,100,0,100,Bboy Hip Hop Move.fbx,FALSE,0
27,1,class_01,discussion,0,animation_000,Talking,Male Talking While Seated,https://www.mixamo.com/#/?page=1&query=Male+Talking+While+Seated,1,0,151,-4,35,60,60,FALSE,FALSE,-50,150,3,50,100,50,50,0,100,nan,nan,nan,nan,Talking.fbx,FALSE,0
28,1,class_01,discussion,1,animation_001,Talking,Male Talking While Seated,https://www.mixamo.com/#/?page=1&query=Male+Talking+While+Seated,1,0,151,38,77,60,60,FALSE,FALSE,-50,150,3,50,100,50,50,0,100,nan,nan,nan,nan,Talking.fbx,FALSE,0
29,1,class_01,discussion,2,animation_002,Talking,Asking A Question With One Hand,https://www.mixamo.com/#/?page=1&query=Asking+A+Question+With+One+Hand,1,0,114,9,72,52,60,TRUE,TRUE,-50,150,4,50,100,50,50,0,12,0,30,nan,nan,Talking.fbx,FALSE,0
30,1,class_01,discussion,3,animation_003,Talking,Asking A Question With One Hand,https://www.mixamo.com/#/?page=1&query=Asking+A+Question+With+One+Hand,1,0,114,10,61,56,60,TRUE,TRUE,-50,150,4,50,100,50,50,44,56,0,30,nan,nan,Talking.fbx,FALSE,0
31,1,class_01,discussion,4,animation_004,Talking,Asking A Question With One Hand,https://www.mixamo.com/#/?page=1&query=Asking+A+Question+With+One+Hand,1,0,114,6,51,58,60,TRUE,TRUE,-50,150,4,50,100,50,50,88,100,0,30,nan,nan,Talking.fbx,FALSE,0
32,1,class_01,discussion,5,animation_005,Talking,Asking A Question,https://www.mixamo.com/#/?page=1&query=Asking+A+Question,4,1,156,32,57,39,60,TRUE,TRUE,-50,150,4,50,100,50,50,0,100,0,100,nan,nan,Talking.fbx,FALSE,20
33,1,class_01,discussion,6,animation_006,Talking,Asking A Question With Two Hands,https://www.mixamo.com/#/?page=1&query=Asking+A+Question+With+Two+Hands,1,0,119,12,61,46,60,TRUE,TRUE,-50,150,4,50,100,50,50,0,10,0,100,nan,nan,Talking.fbx,FALSE,0
34,1,class_01,discussion,7,animation_007,Talking,Asking A Question With Two Hands,https://www.mixamo.com/#/?page=1&query=Asking+A+Question+With+Two+Hands,1,0,119,12,61,57,60,TRUE,TRUE,-50,150,4,50,100,50,50,45,55,0,100,nan,nan,Talking.fbx,FALSE,0
35,1,class_01,discussion,8,animation_008,Talking,Asking A Question With Two Hands,https://www.mixamo.com/#/?page=1&query=Asking+A+Question+With+Two+Hands,1,0,119,12,53,55,60,TRUE,TRUE,-50,150,4,50,100,50,50,90,100,0,100,nan,nan,Talking.fbx,FALSE,0
36,1,class_01,discussion,9,animation_009,Talking,General Coversation,https://www.mixamo.com/#/?page=1&query=General+Coversation,1,0,309,8,28,61,65,FALSE,FALSE,-50,150,4,50,100,50,50,0,100,0,100,nan,nan,Talking.fbx,FALSE,-5
37,1,class_01,discussion,10,animation_010,Talking,General Coversation,https://www.mixamo.com/#/?page=1&query=General+Coversation,1,0,309,31,51,62,65,FALSE,FALSE,-50,150,4,50,100,50,50,0,100,0,100,nan,nan,Talking.fbx,FALSE,-5
38,1,class_01,discussion,11,animation_011,Talking,General Coversation,https://www.mixamo.com/#/?page=1&query=General+Coversation,1,0,309,50,70,61,65,FALSE,FALSE,-50,150,4,50,100,50,50,0,100,0,100,nan,nan,Talking.fbx,FALSE,-5
39,1,class_01,discussion,12,animation_012,Yelling,Yelling In Anger,https://www.mixamo.com/#/?page=1&query=Yelling+In+Anger&type=Motion%2CMotionPack,4,0,236,10,33,49,62,TRUE,TRUE,-50,150,5,50,100,50,50,0,100,0,100,0,100,Yelling.fbx,FALSE,-5
40,1,class_01,discussion,13,animation_013,Standing Arguing,Standing Arguing With Another Person,https://www.mixamo.com/#/?page=1&query=Standing+Arguing+With+Another+Person&type=Motion%2CMotionPack,2,0,625,35,45,64,64,FALSE,FALSE,-50,150,2,50,100,50,50,nan,nan,nan,nan,nan,nan,Standing Arguing.fbx,FALSE,10
41,1,class_01,discussion,14,animation_014,Standing Arguing,Standing Arguing With Another Person,https://www.mixamo.com/#/?page=1&query=Standing+Arguing+With+Another+Person&type=Motion%2CMotionPack,2,0,625,47,57,64,64,FALSE,FALSE,-50,150,2,50,100,50,50,nan,nan,nan,nan,nan,nan,Standing Arguing.fbx,FALSE,10
42,1,class_01,discussion,15,animation_015,Standing Arguing,Standing Arguing With Another Person,https://www.mixamo.com/#/?page=1&query=Standing+Arguing+With+Another+Person&type=Motion%2CMotionPack,2,0,625,58,68,63,63,FALSE,FALSE,-50,150,2,50,100,50,50,nan,nan,nan,nan,nan,nan,Standing Arguing.fbx,FALSE,10
43,1,class_01,discussion,16,animation_016,Standing Arguing,Standing Arguing With Another Person,https://www.mixamo.com/#/?page=1&query=Standing+Arguing+With+Another+Person&type=Motion%2CMotionPack,2,0,625,70,80,63,63,FALSE,FALSE,-50,150,2,50,100,50,50,nan,nan,nan,nan,nan,nan,Standing Arguing.fbx,FALSE,10
44,1,class_01,discussion,17,animation_017,Standing Arguing,Standing And Arguing With Another Person,https://www.mixamo.com/#/?page=1&query=Standing+And+Arguing+With+Another+Person&type=Motion%2CMotionPack,2,0,625,3,13,63,63,FALSE,FALSE,-50,150,2,50,100,50,50,nan,nan,nan,nan,nan,nan,Standing Arguing.fbx,FALSE,-10
45,1,class_01,discussion,18,animation_018,Standing Arguing,Standing And Arguing With Another Person,https://www.mixamo.com/#/?page=1&query=Standing+And+Arguing+With+Another+Person&type=Motion%2CMotionPack,2,0,625,15,25,63,63,FALSE,FALSE,-50,150,2,50,100,50,50,nan,nan,nan,nan,nan,nan,Standing Arguing.fbx,FALSE,-10
46,1,class_01,discussion,19,animation_019,Standing Arguing,Standing And Arguing With Another Person,https://www.mixamo.com/#/?page=1&query=Standing+And+Arguing+With+Another+Person&type=Motion%2CMotionPack,2,0,625,25,35,63,63,FALSE,FALSE,-50,150,2,50,100,50,50,nan,nan,nan,nan,nan,nan,Standing Arguing.fbx,FALSE,-10
47,1,class_01,discussion,20,animation_020,Standing Arguing,Standing And Arguing With Another Person,https://www.mixamo.com/#/?page=1&query=Standing+And+Arguing+With+Another+Person&type=Motion%2CMotionPack,2,0,625,35,45,64,64,FALSE,FALSE,-50,150,2,50,100,50,50,nan,nan,nan,nan,nan,nan,Standing Arguing.fbx,FALSE,-10
48,1,class_01,discussion,21,animation_021,Standing Arguing,Standing And Arguing With Another Person,https://www.mixamo.com/#/?page=1&query=Standing+And+Arguing+With+Another+Person&type=Motion%2CMotionPack,2,0,625,43,53,64,64,FALSE,FALSE,-50,150,2,50,100,50,50,nan,nan,nan,nan,nan,nan,Standing Arguing.fbx,FALSE,-10
49,1,class_01,discussion,22,animation_022,Standing Arguing,Standing And Arguing With Another Person,https://www.mixamo.com/#/?page=1&query=Standing+And+Arguing+With+Another+Person&type=Motion%2CMotionPack,2,0,625,55,65,64,64,FALSE,FALSE,-50,150,2,50,100,50,50,nan,nan,nan,nan,nan,nan,Standing Arguing.fbx,FALSE,-10
50,1,class_01,discussion,23,animation_023,Standing Arguing,Standing And Arguing With Another Person,https://www.mixamo.com/#/?page=1&query=Standing+And+Arguing+With+Another+Person&type=Motion%2CMotionPack,2,0,625,75,85,63,63,FALSE,FALSE,-50,150,2,50,100,50,50,nan,nan,nan,nan,nan,nan,Standing Arguing.fbx,FALSE,-10
51,1,class_01,discussion,24,animation_024,Talking At Watercooler,Having A Chat At The Watercooler,https://www.mixamo.com/#/?page=1&query=Having+A+Chat+At+The+Watercooler&type=Motion%2CMotionPack,1,0,1338,20,24,68,68,FALSE,FALSE,-50,150,2,50,100,50,50,nan,nan,nan,nan,nan,nan,Talking At Watercooler.fbx,FALSE,-35
52,1,class_01,discussion,25,animation_025,Talking At Watercooler,Having A Chat At The Watercooler,https://www.mixamo.com/#/?page=1&query=Having+A+Chat+At+The+Watercooler&type=Motion%2CMotionPack,1,0,1338,25,30,68,68,FALSE,FALSE,-50,150,2,50,100,50,50,nan,nan,nan,nan,nan,nan,Talking At Watercooler.fbx,FALSE,-35
53,1,class_01,discussion,26,animation_026,Talking At Watercooler,Having A Chat At The Watercooler,https://www.mixamo.com/#/?page=1&query=Having+A+Chat+At+The+Watercooler&type=Motion%2CMotionPack,1,0,1338,73,78,68,68,FALSE,FALSE,-50,150,2,50,100,50,50,nan,nan,nan,nan,nan,nan,Talking At Watercooler.fbx,FALSE,-35
54,2,class_02,sitting,0,animation_000,Sitting,Sitting Down Arms Outside Armrests,https://www.mixamo.com/#/?page=1&query=Sitting+Down+Arms+Outside+Armrests&type=Motion%2CMotionPack,1,0,134,32,58,20,60,TRUE,TRUE,0,100,5,50,65,50,50,0,100,0,100,0,20,Sitting.fbx,FALSE,0
55,2,class_02,sitting,1,animation_001,Sitting,Sitting Down Arms Outside Armrests,https://www.mixamo.com/#/?page=1&query=Sitting+Down+Arms+Outside+Armrests&type=Motion%2CMotionPack,1,0,134,31,58,24,61,TRUE,TRUE,0,100,5,50,65,50,50,0,100,0,100,40,60,Sitting.fbx,FALSE,0
56,2,class_02,sitting,2,animation_002,Sitting,Sitting Down Arms Outside Armrests,https://www.mixamo.com/#/?page=1&query=Sitting+Down+Arms+Outside+Armrests&type=Motion%2CMotionPack,1,0,134,31,58,21,61,TRUE,TRUE,0,100,5,50,65,50,50,0,100,0,100,80,100,Sitting.fbx,FALSE,0
57,2,class_02,sitting,3,animation_003,Sitting,Sitting Down Arms Outside Armrests,https://www.mixamo.com/#/?page=1&query=Sitting+Down+Arms+Outside+Armrests&type=Motion%2CMotionPack,1,0,134,32,58,20,60,TRUE,TRUE,0,100,5,85,100,50,50,0,100,0,100,0,20,Sitting.fbx,FALSE,0
58,2,class_02,sitting,4,animation_004,Sitting,Sitting Down Arms Outside Armrests,https://www.mixamo.com/#/?page=1&query=Sitting+Down+Arms+Outside+Armrests&type=Motion%2CMotionPack,1,0,134,31,58,24,61,TRUE,TRUE,0,100,5,85,100,50,50,0,100,0,100,40,60,Sitting.fbx,FALSE,0
59,2,class_02,sitting,5,animation_005,Sitting,Sitting Down Arms Outside Armrests,https://www.mixamo.com/#/?page=1&query=Sitting+Down+Arms+Outside+Armrests&type=Motion%2CMotionPack,1,0,134,31,58,21,61,TRUE,TRUE,0,100,5,85,100,50,50,0,100,0,100,80,100,Sitting.fbx,FALSE,0
60,2,class_02,sitting,6,animation_006,Stand To Sit,Standing To Sitting Transition,https://www.mixamo.com/#/?page=1&query=Standing+To+Sitting+Transition&type=Motion%2CMotionPack,5,0,68,2,90,60,60,FALSE,FALSE,0,100,2,50,100,50,50,nan,nan,nan,nan,nan,nan,Stand To Sit.fbx,FALSE,0
61,2,class_02,sitting,7,animation_007,Standing Clap,Standing Clap From Sitting,https://www.mixamo.com/#/?page=1&query=Standing+Clap+From+Sitting&type=Motion%2CMotionPack,5,0,134,66,107,56,56,FALSE,FALSE,-50,150,2,50,100,50,50,nan,nan,nan,nan,nan,nan,Standing Clap.fbx,FALSE,0
62,2,class_02,sitting,8,animation_008,Standing Clap,Standing Clap From Sitting,https://www.mixamo.com/#/?page=1&query=Standing+Clap+From+Sitting&type=Motion%2CMotionPack,5,1,126,69,105,46,46,FALSE,FALSE,-50,150,2,50,100,50,50,nan,nan,nan,nan,nan,nan,Standing Clap.fbx,FALSE,0
63,2,class_02,sitting,9,animation_009,Standing Clap,Standing Low Clap From Sitting,https://www.mixamo.com/#/?page=1&query=Standing+Low+Clap+From+Sitting&type=Motion%2CMotionPack,1,0,140,63,106,60,60,FALSE,FALSE,-50,150,2,50,100,50,50,nan,nan,nan,nan,nan,nan,Standing Clap.fbx,FALSE,0
64,2,class_02,sitting,10,animation_010,Standing Clap,Standing Wide Clap From Sitting,https://www.mixamo.com/#/?page=1&query=Standing+Wide+Clap+From+Sitting&type=Motion%2CMotionPack,2,1,150,76,105,44,44,FALSE,FALSE,-50,150,2,50,100,50,50,nan,nan,nan,nan,nan,nan,Standing Clap.fbx,FALSE,0
65,2,class_02,sitting,11,animation_011,Standing Clap,Standing Wide Clap From Sitting,https://www.mixamo.com/#/?page=1&query=Standing+Wide+Clap+From+Sitting&type=Motion%2CMotionPack,2,0,148,73,103,45,45,FALSE,FALSE,-50,150,2,50,100,50,50,nan,nan,nan,nan,nan,nan,Standing Clap.fbx,FALSE,0
66,2,class_02,sitting,12,animation_012,Standing Clap,Sitting To Standing Wide Clap,https://www.mixamo.com/#/?page=1&query=Sitting+To+Standing+Wide+Clap&type=Motion%2CMotionPack,1,0,144,64,105,60,60,FALSE,FALSE,-50,150,2,50,100,50,50,nan,nan,nan,nan,nan,nan,Standing Clap.fbx,FALSE,0
67,2,class_02,sitting,13,animation_013,Standing Cheering,Sitting To Standing Big Fist Pump,https://www.mixamo.com/#/?page=1&query=Sitting+To+Standing+Big+Fist+Pump,1,0,104,49,106,60,60,FALSE,FALSE,-50,150,2,50,100,50,50,nan,nan,nan,nan,nan,nan,Standing Cheering.fbx,FALSE,0
68,2,class_02,sitting,14,animation_014,Standing Cheering,Sitting To Standing Small Fist Pump,https://www.mixamo.com/#/?page=1&query=Sitting+To+Standing+Small+Fist+Pump,1,0,104,52,103,53,53,FALSE,FALSE,-50,150,2,50,100,50,50,nan,nan,nan,nan,nan,nan,Standing Cheering.fbx,FALSE,0
69,2,class_02,sitting,15,animation_015,Fist Pump,Big Standing Fist Pump From Sitting,https://www.mixamo.com/#/?page=1&query=Big+Standing+Fist+Pump+From+Sitting,3,0,106,51,103,55,55,FALSE,FALSE,-50,150,2,50,100,50,50,nan,nan,nan,nan,nan,nan,Fist Pump.fbx,FALSE,0
70,2,class_02,sitting,16,animation_016,Standing Fist Pump,Big Standing Fist Pump From Sitting,https://www.mixamo.com/#/?page=1&query=Big+Standing+Fist+Pump+From+Sitting,3,2,106,53,104,54,54,FALSE,FALSE,-50,150,2,50,100,50,50,nan,nan,nan,nan,nan,nan,Standing Fist Pump.fbx,FALSE,0
71,2,class_02,sitting,17,animation_017,Fist Pump,Big Standing Fist Pump From Sitting,https://www.mixamo.com/#/?page=1&query=Big+Standing+Fist+Pump+From+Sitting,3,1,115,56,102,53,53,FALSE,FALSE,-50,150,2,50,100,50,50,nan,nan,nan,nan,nan,nan,Fist Pump.fbx,FALSE,0
72,2,class_02,sitting,18,animation_018,Standing Fist Pump,Restrained Enthusiasm Standing Fist,https://www.mixamo.com/#/?page=1&query=Restrained+Enthusiasm+Standing+Fist,1,0,114,50,102,60,60,FALSE,FALSE,-50,150,2,50,100,50,50,nan,nan,nan,nan,nan,nan,Standing Fist Pump.fbx,FALSE,0
73,2,class_02,sitting,19,animation_019,Scared,Surprised Jumping Out Of Seat,https://www.mixamo.com/#/?page=1&query=Surprised+Jumping+Out+Of+Seat,1,0,303,78,93,41,60,TRUE,FALSE,-50,150,4,50,65,50,50,0,100,0,100,nan,nan,Scared.fbx,FALSE,0
74,2,class_02,sitting,20,animation_020,Scared,Surprised Jumping Out Of Seat,https://www.mixamo.com/#/?page=1&query=Surprised+Jumping+Out+Of+Seat,1,0,303,78,93,41,60,TRUE,FALSE,-50,150,4,85,100,50,50,0,100,0,100,nan,nan,Scared.fbx,FALSE,0
75,2,class_02,sitting,21,animation_021,Standing Yell,Short Yell While Standing,https://www.mixamo.com/#/?page=1&query=Short+Yell+While+Standing,2,0,123,57,106,60,60,FALSE,FALSE,-50,150,2,50,100,50,50,nan,nan,nan,nan,nan,nan,Standing Yell.fbx,FALSE,0
76,2,class_02,sitting,22,animation_022,Standing Yell,Short Yell While Standing,https://www.mixamo.com/#/?page=1&query=Short+Yell+While+Standing,2,1,123,62,102,49,49,FALSE,FALSE,-50,150,2,50,100,50,50,nan,nan,nan,nan,nan,nan,Standing Yell.fbx,FALSE,0
77,2,class_02,sitting,23,animation_023,Yelling While Standing,Yelling While Standing Leaning Forward,https://www.mixamo.com/#/?page=1&query=Yelling+While+Standing+Leaning+Forward,1,0,122,58,103,56,56,FALSE,FALSE,-50,150,2,50,100,50,50,nan,nan,nan,nan,nan,nan,Yelling While Standing.fbx,FALSE,0
78,2,class_02,sitting,24,animation_024,Yelling While Standing,Long Yell While Standing Leaning Back,https://www.mixamo.com/#/?page=1&query=Long+Yell+While+Standing+Leaning+Back,1,0,166,66,102,60,60,FALSE,FALSE,-50,150,2,50,65,50,50,nan,nan,nan,nan,nan,nan,Yelling While Standing.fbx,FALSE,0
79,2,class_02,sitting,25,animation_025,Yelling While Standing,Long Yell While Standing Leaning Back,https://www.mixamo.com/#/?page=1&query=Long+Yell+While+Standing+Leaning+Back,1,0,166,66,102,60,60,FALSE,FALSE,-50,150,2,85,100,50,50,nan,nan,nan,nan,nan,nan,Yelling While Standing.fbx,FALSE,0
80,2,class_02,sitting,26,animation_026,Standing Yell,Long Yell Leaning Forward,https://www.mixamo.com/#/?page=1&query=Long+Yell+Leaning+Forward,1,0,180,68,101,60,60,FALSE,FALSE,-50,150,2,50,100,50,50,nan,nan,nan,nan,nan,nan,Standing Yell.fbx,FALSE,0
81,3,class_03,standing,0,animation_000,Sit To Stand,Sitting To Standing,https://www.mixamo.com/#/?page=1&query=Sitting+To+Standing,10,0,69,6,93,60,60,FALSE,FALSE,0,100,2,50,100,50,50,nan,nan,nan,nan,nan,nan,Sit To Stand.fbx,FALSE,0
82,3,class_03,standing,1,animation_001,Stand Up,Standing Up From Seated Position,https://www.mixamo.com/#/?page=1&query=Standing+Up+From+Seated+Position,1,0,146,20,46,16,61,TRUE,TRUE,0,100,5,50,65,50,50,0,100,0,100,0,20,Stand Up.fbx,FALSE,-5
83,3,class_03,standing,2,animation_002,Stand Up,Standing Up From Seated Position,https://www.mixamo.com/#/?page=1&query=Standing+Up+From+Seated+Position,1,0,146,20,47,18,60,TRUE,TRUE,0,100,5,50,65,50,50,0,100,0,100,40,60,Stand Up.fbx,FALSE,-5
84,3,class_03,standing,3,animation_003,Stand Up,Standing Up From Seated Position,https://www.mixamo.com/#/?page=1&query=Standing+Up+From+Seated+Position,1,0,146,20,46,17,60,TRUE,TRUE,0,100,5,50,65,50,50,0,100,0,100,80,100,Stand Up.fbx,FALSE,-5
85,3,class_03,standing,4,animation_004,Stand Up,Standing Up From Seated Position,https://www.mixamo.com/#/?page=1&query=Standing+Up+From+Seated+Position,1,0,146,20,46,16,61,TRUE,TRUE,0,100,5,85,100,50,50,0,100,0,100,0,20,Stand Up.fbx,FALSE,-5
86,3,class_03,standing,5,animation_005,Stand Up,Standing Up From Seated Position,https://www.mixamo.com/#/?page=1&query=Standing+Up+From+Seated+Position,1,0,146,20,47,18,60,TRUE,TRUE,0,100,5,85,100,50,50,0,100,0,100,40,60,Stand Up.fbx,FALSE,-5
87,3,class_03,standing,6,animation_006,Stand Up,Standing Up From Seated Position,https://www.mixamo.com/#/?page=1&query=Standing+Up+From+Seated+Position,1,0,146,20,46,17,60,TRUE,TRUE,0,100,5,85,100,50,50,0,100,0,100,80,100,Stand Up.fbx,FALSE,-5
88,3,class_03,standing,7,animation_007,Standing Clap,Standing Clap From Sitting,https://www.mixamo.com/#/?page=1&query=Standing+Clap+From+Sitting&type=Motion%2CMotionPack,5,0,134,-17,17,46,46,FALSE,FALSE,-50,150,2,50,100,50,50,nan,nan,nan,nan,nan,nan,Standing Clap.fbx,FALSE,0
89,3,class_03,standing,8,animation_008,Standing Clap,Standing Clap From Sitting,https://www.mixamo.com/#/?page=1&query=Standing+Clap+From+Sitting&type=Motion%2CMotionPack,5,1,126,-14,17,39,39,FALSE,FALSE,-50,150,2,50,100,50,50,nan,nan,nan,nan,nan,nan,Standing Clap.fbx,FALSE,0
90,3,class_03,standing,9,animation_009,Standing Clap,Standing Low Clap From Sitting,https://www.mixamo.com/#/?page=1&query=Standing+Low+Clap+From+Sitting&type=Motion%2CMotionPack,1,0,140,-18,17,50,50,FALSE,FALSE,-50,150,2,50,100,50,50,nan,nan,nan,nan,nan,nan,Standing Clap.fbx,FALSE,0
91,3,class_03,standing,10,animation_010,Standing Clap,Standing Wide Clap From Sitting,https://www.mixamo.com/#/?page=1&query=Standing+Wide+Clap+From+Sitting&type=Motion%2CMotionPack,2,1,150,-8,16,36,36,FALSE,FALSE,-50,150,2,50,100,50,50,nan,nan,nan,nan,nan,nan,Standing Clap.fbx,FALSE,0
92,3,class_03,standing,11,animation_011,Standing Clap,Standing Wide Clap From Sitting,https://www.mixamo.com/#/?page=1&query=Standing+Wide+Clap+From+Sitting&type=Motion%2CMotionPack,2,0,148,-9,16,38,38,FALSE,FALSE,-50,150,2,50,100,50,50,nan,nan,nan,nan,nan,nan,Standing Clap.fbx,FALSE,0
93,3,class_03,standing,12,animation_012,Standing Clap,Sitting To Standing Wide Clap,https://www.mixamo.com/#/?page=1&query=Sitting+To+Standing+Wide+Clap&type=Motion%2CMotionPack,1,0,144,-21,17,55,55,FALSE,FALSE,-50,150,2,50,100,50,50,nan,nan,nan,nan,nan,nan,Standing Clap.fbx,FALSE,0
94,3,class_03,standing,13,animation_013,Standing Cheering,Sitting To Standing Big Fist Pump,https://www.mixamo.com/#/?page=1&query=Sitting+To+Standing+Big+Fist+Pump,1,0,104,-18,22,42,42,FALSE,FALSE,-50,150,2,50,100,50,50,nan,nan,nan,nan,nan,nan,Standing Cheering.fbx,FALSE,0
95,3,class_03,standing,14,animation_014,Standing Cheering,Sitting To Standing Small Fist Pump,https://www.mixamo.com/#/?page=1&query=Sitting+To+Standing+Small+Fist+Pump,1,0,104,-19,22,44,44,FALSE,FALSE,-50,150,2,50,100,50,50,nan,nan,nan,nan,nan,nan,Standing Cheering.fbx,FALSE,0
96,3,class_03,standing,15,animation_015,Fist Pump,Big Standing Fist Pump From Sitting,https://www.mixamo.com/#/?page=1&query=Big+Standing+Fist+Pump+From+Sitting,3,0,106,-21,24,48,48,FALSE,FALSE,-50,150,2,50,100,50,50,nan,nan,nan,nan,nan,nan,Fist Pump.fbx,FALSE,0
97,3,class_03,standing,16,animation_016,Standing Fist Pump,Big Standing Fist Pump From Sitting,https://www.mixamo.com/#/?page=1&query=Big+Standing+Fist+Pump+From+Sitting,3,2,106,-16,23,42,42,FALSE,FALSE,-50,150,2,50,100,50,50,nan,nan,nan,nan,nan,nan,Standing Fist Pump.fbx,FALSE,0
98,3,class_03,standing,17,animation_017,Fist Pump,Big Standing Fist Pump From Sitting,https://www.mixamo.com/#/?page=1&query=Big+Standing+Fist+Pump+From+Sitting,3,1,115,-20,18,44,44,FALSE,FALSE,-50,150,2,50,100,50,50,nan,nan,nan,nan,nan,nan,Fist Pump.fbx,FALSE,0
99,3,class_03,standing,18,animation_018,Standing Fist Pump,Restrained Enthusiasm Standing Fist,https://www.mixamo.com/#/?page=1&query=Restrained+Enthusiasm+Standing+Fist,1,0,114,-26,26,60,60,FALSE,FALSE,-50,150,2,50,100,50,50,nan,nan,nan,nan,nan,nan,Standing Fist Pump.fbx,FALSE,0
100,3,class_03,standing,19,animation_019,Scared,Surprised Jumping Out Of Seat,https://www.mixamo.com/#/?page=1&query=Surprised+Jumping+Out+Of+Seat,1,0,303,8,23,41,60,TRUE,FALSE,-50,150,4,50,65,50,50,0,100,0,100,nan,nan,Scared.fbx,FALSE,0
101,3,class_03,standing,20,animation_020,Scared,Surprised Jumping Out Of Seat,https://www.mixamo.com/#/?page=1&query=Surprised+Jumping+Out+Of+Seat,1,0,303,8,23,41,60,TRUE,FALSE,-50,150,4,85,100,50,50,0,100,0,100,nan,nan,Scared.fbx,FALSE,0
102,3,class_03,standing,21,animation_021,Standing Yell,Short Yell While Standing,https://www.mixamo.com/#/?page=1&query=Short+Yell+While+Standing,2,0,123,-19,22,51,51,FALSE,FALSE,-50,150,2,50,100,50,50,nan,nan,nan,nan,nan,nan,Standing Yell.fbx,FALSE,0
103,3,class_03,standing,22,animation_022,Standing Yell,Short Yell While Standing,https://www.mixamo.com/#/?page=1&query=Short+Yell+While+Standing,2,1,123,-23,25,60,60,FALSE,FALSE,-50,150,2,50,100,50,50,nan,nan,nan,nan,nan,nan,Standing Yell.fbx,FALSE,0
104,3,class_03,standing,23,animation_023,Yelling While Standing,Yelling While Standing Leaning Forward,https://www.mixamo.com/#/?page=1&query=Yelling+While+Standing+Leaning+Forward,1,0,122,-21,28,60,60,FALSE,FALSE,-50,150,2,50,65,50,50,nan,nan,nan,nan,nan,nan,Yelling While Standing.fbx,FALSE,0
105,3,class_03,standing,24,animation_024,Yelling While Standing,Yelling While Standing Leaning Forward,https://www.mixamo.com/#/?page=1&query=Yelling+While+Standing+Leaning+Forward,1,0,122,-21,28,60,60,FALSE,FALSE,-50,150,2,85,100,50,50,nan,nan,nan,nan,nan,nan,Yelling While Standing.fbx,FALSE,0
106,3,class_03,standing,25,animation_025,Yelling While Standing,Long Yell While Standing Leaning Back,https://www.mixamo.com/#/?page=1&query=Long+Yell+While+Standing+Leaning+Back,1,0,166,-10,17,45,45,FALSE,FALSE,-50,150,2,50,100,50,50,nan,nan,nan,nan,nan,nan,Yelling While Standing.fbx,FALSE,0
107,3,class_03,standing,26,animation_026,Standing Yell,Long Yell Leaning Forward,https://www.mixamo.com/#/?page=1&query=Long+Yell+Leaning+Forward,1,0,180,-11,15,47,47,FALSE,FALSE,-50,150,2,50,100,50,50,nan,nan,nan,nan,nan,nan,Standing Yell.fbx,FALSE,0
108,4,class_04,falling,0,animation_000,Stumble Backwards,Slip And Fall Backwards,https://www.mixamo.com/#/?page=1&query=Slip+And+Fall+Backward,1,0,101,14,55,60,60,FALSE,FALSE,0,100,2,50,65,20,20,nan,nan,nan,nan,nan,nan,Stumble Backwards.fbx,FALSE,0
109,4,class_04,falling,1,animation_001,Stumble Backwards,Slip And Fall Backwards,https://www.mixamo.com/#/?page=1&query=Slip+And+Fall+Backward,1,0,101,2,61,60,60,FALSE,FALSE,0,100,2,50,65,50,50,nan,nan,nan,nan,nan,nan,Stumble Backwards.fbx,FALSE,0
110,4,class_04,falling,2,animation_002,Stumble Backwards,Slip And Fall Backwards,https://www.mixamo.com/#/?page=1&query=Slip+And+Fall+Backward,1,0,101,0,94,60,60,FALSE,FALSE,0,100,2,50,65,80,80,nan,nan,nan,nan,nan,nan,Stumble Backwards.fbx,FALSE,0
111,4,class_04,falling,3,animation_003,Stumble Backwards,Slip And Fall Backwards,https://www.mixamo.com/#/?page=1&query=Slip+And+Fall+Backward,1,0,101,14,55,60,60,FALSE,FALSE,0,100,2,85,100,20,20,nan,nan,nan,nan,nan,nan,Stumble Backwards.fbx,FALSE,0
112,4,class_04,falling,4,animation_004,Stumble Backwards,Slip And Fall Backwards,https://www.mixamo.com/#/?page=1&query=Slip+And+Fall+Backward,1,0,101,2,61,60,60,FALSE,FALSE,0,100,2,85,100,50,50,nan,nan,nan,nan,nan,nan,Stumble Backwards.fbx,FALSE,0
113,4,class_04,falling,5,animation_005,Stumble Backwards,Slip And Fall Backwards,https://www.mixamo.com/#/?page=1&query=Slip+And+Fall+Backward,1,0,101,0,94,60,60,FALSE,FALSE,0,100,2,85,100,80,80,nan,nan,nan,nan,nan,nan,Stumble Backwards.fbx,FALSE,0
114,4,class_04,falling,6,animation_006,Dying,Dying Shot To The Chest Falling On Two Knees,https://www.mixamo.com/#/?page=1&query=Dying+Shot+To+The+Chest+Falling+On+Two+Knees,1,0,112,36,86,54,60,TRUE,TRUE,0,100,3,50,100,50,50,44,56,nan,nan,nan,nan,Dying.fbx,FALSE,0
115,4,class_04,falling,7,animation_007,Dying,Dying Shot To The Chest Falling On Two Knees,https://www.mixamo.com/#/?page=1&query=Dying+Shot+To+The+Chest+Falling+On+Two+Knees,1,0,112,7,79,54,60,TRUE,TRUE,0,100,3,50,100,50,50,88,100,nan,nan,nan,nan,Dying.fbx,FALSE,0
116,4,class_04,falling,8,animation_008,Fall Flat,Falling Flat On Face From A Hit To The Back While Running,https://www.mixamo.com/#/?page=1&query=Falling+Flat+On+Face+From+A+Hit+To+The+Back+While+Running,1,0,77,4,82,60,60,FALSE,FALSE,0,100,2,50,65,50,50,nan,nan,nan,nan,nan,nan,Fall Flat.fbx,FALSE,0
117,4,class_04,falling,9,animation_009,Fall Flat,Falling Flat On Face From A Hit To The Back While Running,https://www.mixamo.com/#/?page=1&query=Falling+Flat+On+Face+From+A+Hit+To+The+Back+While+Running,1,0,77,4,82,60,60,FALSE,FALSE,0,100,2,85,100,50,50,nan,nan,nan,nan,nan,nan,Fall Flat.fbx,FALSE,0
118,4,class_04,falling,10,animation_010,Shoulder Hit And Fall,Hit In The Shoulder And Falls To The Ground,https://www.mixamo.com/#/?page=1&query=Shoulder+Hit+And+Fall,1,0,94,6,70,60,60,FALSE,FALSE,0,100,2,50,65,50,50,nan,nan,nan,nan,nan,nan,Shoulder Hit And Fall.fbx,FALSE,0
119,4,class_04,falling,11,animation_011,Shoulder Hit And Fall,Hit In The Shoulder And Falls To The Ground,https://www.mixamo.com/#/?page=1&query=Shoulder+Hit+And+Fall,1,0,94,6,70,60,60,FALSE,FALSE,0,100,2,85,100,50,50,nan,nan,nan,nan,nan,nan,Shoulder Hit And Fall.fbx,FALSE,0
120,4,class_04,falling,12,animation_012,Tripping,Walk To Tripping And Falling,https://www.mixamo.com/#/?page=1&query=Walk+To+Tripping+And+Falling,1,0,64,7,100,60,60,FALSE,FALSE,0,100,2,50,65,50,50,nan,nan,nan,nan,nan,nan,Tripping.fbx,FALSE,-5
121,4,class_04,falling,13,animation_013,Tripping,Walk To Tripping And Falling,https://www.mixamo.com/#/?page=1&query=Walk+To+Tripping+And+Falling,1,0,64,7,100,60,60,FALSE,FALSE,0,100,2,85,100,50,50,nan,nan,nan,nan,nan,nan,Tripping.fbx,FALSE,-5
122,4,class_04,falling,14,animation_014,Tripping,Tripping Forward While Walking,https://www.mixamo.com/#/?page=1&query=Tripping+Forward+While+Walking,1,0,84,21,62,46,60,TRUE,TRUE,0,100,4,50,65,20,20,0,100,0,100,nan,nan,Tripping.fbx,FALSE,0
123,4,class_04,falling,15,animation_015,Tripping,Tripping Forward While Walking,https://www.mixamo.com/#/?page=1&query=Tripping+Forward+While+Walking,1,0,84,14,73,47,60,TRUE,TRUE,0,100,4,50,65,50,50,0,100,0,100,nan,nan,Tripping.fbx,FALSE,0
124,4,class_04,falling,16,animation_016,Tripping,Tripping Forward While Walking,https://www.mixamo.com/#/?page=1&query=Tripping+Forward+While+Walking,1,0,84,4,98,46,60,TRUE,TRUE,0,100,4,50,65,80,80,0,100,0,100,nan,nan,Tripping.fbx,FALSE,0
125,4,class_04,falling,17,animation_017,Tripping,Tripping Forward While Walking,https://www.mixamo.com/#/?page=1&query=Tripping+Forward+While+Walking,1,0,84,21,62,46,60,TRUE,TRUE,0,100,4,85,100,20,20,0,100,0,100,nan,nan,Tripping.fbx,FALSE,0
126,4,class_04,falling,18,animation_018,Tripping,Tripping Forward While Walking,https://www.mixamo.com/#/?page=1&query=Tripping+Forward+While+Walking,1,0,84,14,73,47,60,TRUE,TRUE,0,100,4,85,100,50,50,0,100,0,100,nan,nan,Tripping.fbx,FALSE,0
127,4,class_04,falling,19,animation_019,Tripping,Tripping Forward While Walking,https://www.mixamo.com/#/?page=1&query=Tripping+Forward+While+Walking,1,0,84,4,98,46,60,TRUE,TRUE,0,100,4,85,100,80,80,0,100,0,100,nan,nan,Tripping.fbx,FALSE,0
128,4,class_04,falling,20,animation_020,Hit To The Legs,Hit To The Legs With Object While Running,https://www.mixamo.com/#/?page=1&query=Hit+To+The+Legs,1,0,96,5,67,60,60,FALSE,FALSE,0,100,2,50,65,50,50,nan,nan,nan,nan,nan,nan,Hit To The Legs.fbx,FALSE,0
129,4,class_04,falling,21,animation_021,Hit To The Legs,Hit To The Legs With Object While Running,https://www.mixamo.com/#/?page=1&query=Hit+To+The+Legs,1,0,96,5,67,60,60,FALSE,FALSE,0,100,2,85,100,50,50,nan,nan,nan,nan,nan,nan,Hit To The Legs.fbx,FALSE,0
130,4,class_04,falling,22,animation_022,Standing React Death Forward,Death Falling Forwards,https://www.mixamo.com/#/?page=1&query=Death+Falling+Forwards,7,0,111,15,69,60,60,FALSE,FALSE,0,100,2,50,65,50,50,nan,nan,nan,nan,nan,nan,Standing React Death Forward.fbx,FALSE,0
131,4,class_04,falling,23,animation_023,Standing React Death Forward,Death Falling Forwards,https://www.mixamo.com/#/?page=1&query=Death+Falling+Forwards,7,0,111,15,69,60,60,FALSE,FALSE,0,100,2,85,100,50,50,nan,nan,nan,nan,nan,nan,Standing React Death Forward.fbx,FALSE,0
132,4,class_04,falling,24,animation_024,Dying Backwards,Shot To The Chest Falling Backwards,https://www.mixamo.com/#/?page=1&query=Shot+To+The+Chest+Falling+Backwards,1,0,139,27,65,45,60,TRUE,FALSE,0,100,4,50,50,50,50,0,100,0,10,nan,nan,Dying Backwards.fbx,FALSE,0
133,4,class_04,falling,25,animation_025,Dying Backwards,Shot To The Chest Falling Backwards,https://www.mixamo.com/#/?page=1&query=Shot+To+The+Chest+Falling+Backwards,1,0,139,27,66,50,60,TRUE,FALSE,0,100,4,50,50,50,50,0,100,45,55,nan,nan,Dying Backwards.fbx,FALSE,0
134,4,class_04,falling,26,animation_026,Dying Backwards,Shot To The Chest Falling Backwards,https://www.mixamo.com/#/?page=1&query=Shot+To+The+Chest+Falling+Backwards,1,0,139,36,70,45,60,TRUE,FALSE,0,100,4,50,50,50,50,0,100,90,100,nan,nan,Dying Backwards.fbx,FALSE,0
135,5,class_05,pointing,0,animation_000,Pointing,Pointing Behind With Thumb,https://www.mixamo.com/#/?page=1&query=Pointing+Behind+With+Thumb&type=Motion%2CMotionPack,1,0,109,-3,74,45,60,TRUE,TRUE,-50,150,3,50,100,50,50,0,20,nan,nan,nan,nan,Pointing.fbx,FALSE,0
136,5,class_05,pointing,1,animation_001,Pointing,Pointing Behind With Thumb,https://www.mixamo.com/#/?page=1&query=Pointing+Behind+With+Thumb&type=Motion%2CMotionPack,1,0,109,7,62,54,60,TRUE,TRUE,-50,150,3,50,100,50,50,40,60,nan,nan,nan,nan,Pointing.fbx,FALSE,0
137,5,class_05,pointing,2,animation_002,Pointing,Pointing Behind With Thumb,https://www.mixamo.com/#/?page=1&query=Pointing+Behind+With+Thumb&type=Motion%2CMotionPack,1,0,109,6,64,58,60,TRUE,TRUE,-50,150,3,50,100,50,50,80,100,nan,nan,nan,nan,Pointing.fbx,FALSE,0
138,5,class_05,pointing,3,animation_003,Pointing,Pointing With Arm Bent,https://www.mixamo.com/#/?page=1&query=Pointing+With+Arm+Bent&type=Motion%2CMotionPack,1,0,84,9,60,55,60,TRUE,TRUE,-50,150,4,50,100,50,50,0,20,0,12,nan,nan,Pointing.fbx,FALSE,0
139,5,class_05,pointing,4,animation_004,Pointing,Pointing With Arm Bent,https://www.mixamo.com/#/?page=1&query=Pointing+With+Arm+Bent&type=Motion%2CMotionPack,1,0,84,5,63,55,60,TRUE,TRUE,-50,150,4,50,100,50,50,0,20,22,34,nan,nan,Pointing.fbx,FALSE,0
140,5,class_05,pointing,5,animation_005,Pointing,Pointing With Arm Bent,https://www.mixamo.com/#/?page=1&query=Pointing+With+Arm+Bent&type=Motion%2CMotionPack,1,0,84,5,72,56,60,TRUE,TRUE,-50,150,4,50,100,50,50,0,20,44,56,nan,nan,Pointing.fbx,FALSE,0
141,5,class_05,pointing,6,animation_006,Pointing,Pointing With Arm Bent,https://www.mixamo.com/#/?page=1&query=Pointing+With+Arm+Bent&type=Motion%2CMotionPack,1,0,84,2,76,58,60,TRUE,TRUE,-50,150,4,50,100,50,50,0,20,66,78,nan,nan,Pointing.fbx,FALSE,0
142,5,class_05,pointing,7,animation_007,Pointing,Pointing With Arm Bent,https://www.mixamo.com/#/?page=1&query=Pointing+With+Arm+Bent&type=Motion%2CMotionPack,1,0,84,2,79,58,60,TRUE,TRUE,-50,150,4,50,100,50,50,0,20,88,100,nan,nan,Pointing.fbx,FALSE,0
143,5,class_05,pointing,8,animation_008,Pointing,Pointing With Arm Bent,https://www.mixamo.com/#/?page=1&query=Pointing+With+Arm+Bent&type=Motion%2CMotionPack,1,0,84,9,60,55,60,TRUE,TRUE,-50,150,4,50,100,50,50,40,60,0,12,nan,nan,Pointing.fbx,FALSE,0
144,5,class_05,pointing,9,animation_009,Pointing,Pointing With Arm Bent,https://www.mixamo.com/#/?page=1&query=Pointing+With+Arm+Bent&type=Motion%2CMotionPack,1,0,84,5,63,55,60,TRUE,TRUE,-50,150,4,50,100,50,50,40,60,22,34,nan,nan,Pointing.fbx,FALSE,0
145,5,class_05,pointing,10,animation_010,Pointing,Pointing With Arm Bent,https://www.mixamo.com/#/?page=1&query=Pointing+With+Arm+Bent&type=Motion%2CMotionPack,1,0,84,5,72,56,60,TRUE,TRUE,-50,150,4,50,100,50,50,40,60,44,56,nan,nan,Pointing.fbx,FALSE,0
146,5,class_05,pointing,11,animation_011,Pointing,Pointing With Arm Bent,https://www.mixamo.com/#/?page=1&query=Pointing+With+Arm+Bent&type=Motion%2CMotionPack,1,0,84,2,76,58,60,TRUE,TRUE,-50,150,4,50,100,50,50,40,60,66,78,nan,nan,Pointing.fbx,FALSE,0
147,5,class_05,pointing,12,animation_012,Pointing,Pointing With Arm Bent,https://www.mixamo.com/#/?page=1&query=Pointing+With+Arm+Bent&type=Motion%2CMotionPack,1,0,84,2,79,58,60,TRUE,TRUE,-50,150,4,50,100,50,50,40,60,88,100,nan,nan,Pointing.fbx,FALSE,0
148,5,class_05,pointing,13,animation_013,Pointing,Pointing With Arm Bent,https://www.mixamo.com/#/?page=1&query=Pointing+With+Arm+Bent&type=Motion%2CMotionPack,1,0,84,9,60,55,60,TRUE,TRUE,-50,150,4,50,100,50,50,80,100,0,12,nan,nan,Pointing.fbx,FALSE,0
149,5,class_05,pointing,14,animation_014,Pointing,Pointing With Arm Bent,https://www.mixamo.com/#/?page=1&query=Pointing+With+Arm+Bent&type=Motion%2CMotionPack,1,0,84,5,63,55,60,TRUE,TRUE,-50,150,4,50,100,50,50,80,100,22,34,nan,nan,Pointing.fbx,FALSE,0
150,5,class_05,pointing,15,animation_015,Pointing,Pointing With Arm Bent,https://www.mixamo.com/#/?page=1&query=Pointing+With+Arm+Bent&type=Motion%2CMotionPack,1,0,84,5,72,56,60,TRUE,TRUE,-50,150,4,50,100,50,50,80,100,44,56,nan,nan,Pointing.fbx,FALSE,0
151,5,class_05,pointing,16,animation_016,Pointing,Pointing With Arm Bent,https://www.mixamo.com/#/?page=1&query=Pointing+With+Arm+Bent&type=Motion%2CMotionPack,1,0,84,2,76,58,60,TRUE,TRUE,-50,150,4,50,100,50,50,80,100,66,78,nan,nan,Pointing.fbx,FALSE,0
152,5,class_05,pointing,17,animation_017,Pointing,Pointing With Arm Bent,https://www.mixamo.com/#/?page=1&query=Pointing+With+Arm+Bent&type=Motion%2CMotionPack,1,0,84,2,79,58,60,TRUE,TRUE,-50,150,4,50,100,50,50,80,100,88,100,nan,nan,Pointing.fbx,FALSE,0
153,5,class_05,pointing,18,animation_018,Pointing Forward,Looking Down Then Pointing Forward,https://www.mixamo.com/#/?page=1&query=Looking+Down+Then+Pointing+Forward&type=Motion%2CMotionPack,1,0,142,19,61,60,60,FALSE,FALSE,-50,150,2,50,65,50,50,nan,nan,nan,nan,nan,nan,Pointing Forward.fbx,FALSE,0
154,5,class_05,pointing,19,animation_019,Pointing Forward,Looking Down Then Pointing Forward,https://www.mixamo.com/#/?page=1&query=Looking+Down+Then+Pointing+Forward&type=Motion%2CMotionPack,1,0,142,19,61,60,60,FALSE,FALSE,-50,150,2,85,100,50,50,nan,nan,nan,nan,nan,nan,Pointing Forward.fbx,FALSE,0
155,5,class_05,pointing,20,animation_020,Pointing,Pointing While Seated,https://www.mixamo.com/#/?page=1&query=Pointing+While+Seated&type=Motion%2CMotionPack,1,0,104,17,54,50,60,TRUE,TRUE,-50,150,4,50,100,50,50,0,12,0,100,nan,nan,Pointing.fbx,FALSE,0
156,5,class_05,pointing,21,animation_021,Pointing,Pointing While Seated,https://www.mixamo.com/#/?page=1&query=Pointing+While+Seated&type=Motion%2CMotionPack,1,0,104,14,58,47,60,TRUE,TRUE,-50,150,4,50,100,50,50,22,34,0,100,nan,nan,Pointing.fbx,FALSE,0
157,5,class_05,pointing,22,animation_022,Pointing,Pointing While Seated,https://www.mixamo.com/#/?page=1&query=Pointing+While+Seated&type=Motion%2CMotionPack,1,0,104,9,63,47,60,TRUE,TRUE,-50,150,4,50,100,50,50,44,56,0,100,nan,nan,Pointing.fbx,FALSE,0
158,5,class_05,pointing,23,animation_023,Pointing,Pointing While Seated,https://www.mixamo.com/#/?page=1&query=Pointing+While+Seated&type=Motion%2CMotionPack,1,0,104,14,62,47,60,TRUE,TRUE,-50,150,4,50,100,50,50,66,78,0,100,nan,nan,Pointing.fbx,FALSE,0
159,5,class_05,pointing,24,animation_024,Pointing,Pointing While Seated,https://www.mixamo.com/#/?page=1&query=Pointing+While+Seated&type=Motion%2CMotionPack,1,0,104,17,60,50,60,TRUE,TRUE,-50,150,4,50,100,50,50,88,100,0,100,nan,nan,Pointing.fbx,FALSE,0
160,5,class_05,pointing,25,animation_025,Kneeling Pointing,Kneeling To Pointing,https://www.mixamo.com/#/?page=1&query=Kneeling+To+Pointing&type=Motion%2CMotionPack,1,0,118,10,61,60,60,FALSE,FALSE,-50,150,2,50,100,50,50,nan,nan,nan,nan,nan,nan,Kneeling Pointing.fbx,FALSE,0
161,5,class_05,pointing,26,animation_026,Sitting And Pointing,Sitting And Pointing Forward,https://www.mixamo.com/#/?page=1&query=Sitting+And+Pointing+Forward&type=Motion%2CMotionPack,1,0,91,10,76,60,60,FALSE,FALSE,-50,150,2,50,100,50,50,nan,nan,nan,nan,nan,nan,Sitting And Pointing.fbx,FALSE,0
162,6,class_06,waving ,0,animation_000,Standing Greeting,Greeting While Standing,https://www.mixamo.com/#/?page=1&query=Greeting+While+Standing&type=Motion%2CMotionPack,1,0,154,40,73,45,60,TRUE,FALSE,-50,150,5,50,100,50,50,0,20,30,100,0,100,Standing Greeting.fbx,FALSE,0
163,6,class_06,waving ,1,animation_001,Standing Greeting,Greeting While Standing,https://www.mixamo.com/#/?page=1&query=Greeting+While+Standing&type=Motion%2CMotionPack,1,0,154,32,70,49,60,TRUE,TRUE,-50,150,5,50,100,50,50,40,60,30,44,0,100,Standing Greeting.fbx,FALSE,0
164,6,class_06,waving ,2,animation_002,Standing Greeting,Greeting While Standing,https://www.mixamo.com/#/?page=1&query=Greeting+While+Standing&type=Motion%2CMotionPack,1,0,154,32,70,49,60,TRUE,TRUE,-50,150,5,50,100,50,50,40,60,58,72,0,100,Standing Greeting.fbx,FALSE,0
165,6,class_06,waving ,3,animation_003,Standing Greeting,Greeting While Standing,https://www.mixamo.com/#/?page=1&query=Greeting+While+Standing&type=Motion%2CMotionPack,1,0,154,31,69,48,61,TRUE,TRUE,-50,150,5,50,100,50,50,40,60,86,100,0,100,Standing Greeting.fbx,FALSE,0
166,6,class_06,waving ,4,animation_004,Standing Greeting,Greeting While Standing,https://www.mixamo.com/#/?page=1&query=Greeting+While+Standing&type=Motion%2CMotionPack,1,0,154,31,69,51,60,TRUE,TRUE,-50,150,5,50,100,50,50,80,100,30,44,0,100,Standing Greeting.fbx,FALSE,0
167,6,class_06,waving ,5,animation_005,Standing Greeting,Greeting While Standing,https://www.mixamo.com/#/?page=1&query=Greeting+While+Standing&type=Motion%2CMotionPack,1,0,154,30,68,52,61,TRUE,TRUE,-50,150,5,50,100,50,50,80,100,58,72,0,100,Standing Greeting.fbx,FALSE,0
168,6,class_06,waving ,6,animation_006,Standing Greeting,Greeting While Standing,https://www.mixamo.com/#/?page=1&query=Greeting+While+Standing&type=Motion%2CMotionPack,1,0,154,32,69,52,60,TRUE,TRUE,-50,150,5,50,100,50,50,80,100,86,100,0,100,Standing Greeting.fbx,FALSE,0
169,6,class_06,waving ,7,animation_007,Waving,Emotional Waving Forward,https://www.mixamo.com/#/?page=1&query=Emotional+Waving+Forward&type=Motion%2CMotionPack,1,0,143,14,54,55,60,TRUE,TRUE,-50,150,4,50,100,50,50,0,20,0,20,nan,nan,Waving.fbx,FALSE,0
170,6,class_06,waving ,8,animation_008,Waving,Emotional Waving Forward,https://www.mixamo.com/#/?page=1&query=Emotional+Waving+Forward&type=Motion%2CMotionPack,1,0,143,12,58,55,60,TRUE,TRUE,-50,150,4,50,100,50,50,0,20,40,60,nan,nan,Waving.fbx,FALSE,0
171,6,class_06,waving ,9,animation_009,Waving,Emotional Waving Forward,https://www.mixamo.com/#/?page=1&query=Emotional+Waving+Forward&type=Motion%2CMotionPack,1,0,143,12,58,57,60,TRUE,TRUE,-50,150,4,50,100,50,50,0,20,80,100,nan,nan,Waving.fbx,FALSE,0
172,6,class_06,waving ,10,animation_010,Waving,Emotional Waving Forward,https://www.mixamo.com/#/?page=1&query=Emotional+Waving+Forward&type=Motion%2CMotionPack,1,0,143,14,56,59,60,TRUE,TRUE,-50,150,4,50,100,50,50,40,60,0,20,nan,nan,Waving.fbx,FALSE,0
173,6,class_06,waving ,11,animation_011,Waving,Emotional Waving Forward,https://www.mixamo.com/#/?page=1&query=Emotional+Waving+Forward&type=Motion%2CMotionPack,1,0,143,14,56,57,61,TRUE,TRUE,-50,150,4,50,100,50,50,40,60,40,60,nan,nan,Waving.fbx,FALSE,0
174,6,class_06,waving ,12,animation_012,Waving,Emotional Waving Forward,https://www.mixamo.com/#/?page=1&query=Emotional+Waving+Forward&type=Motion%2CMotionPack,1,0,143,12,58,55,60,TRUE,TRUE,-50,150,4,50,100,50,50,40,60,80,100,nan,nan,Waving.fbx,FALSE,0
175,6,class_06,waving ,13,animation_013,Waving,Emotional Waving Forward,https://www.mixamo.com/#/?page=1&query=Emotional+Waving+Forward&type=Motion%2CMotionPack,1,0,143,15,56,58,60,TRUE,TRUE,-50,150,4,50,100,50,50,80,100,0,20,nan,nan,Waving.fbx,FALSE,0
176,6,class_06,waving ,14,animation_014,Waving,Emotional Waving Forward,https://www.mixamo.com/#/?page=1&query=Emotional+Waving+Forward&type=Motion%2CMotionPack,1,0,143,14,56,59,60,TRUE,TRUE,-50,150,4,50,100,50,50,80,100,40,60,nan,nan,Waving.fbx,FALSE,0
177,6,class_06,waving ,15,animation_015,Waving,Emotional Waving Forward,https://www.mixamo.com/#/?page=1&query=Emotional+Waving+Forward&type=Motion%2CMotionPack,1,0,143,12,58,57,61,TRUE,TRUE,-50,150,4,50,100,50,50,80,100,80,100,nan,nan,Waving.fbx,FALSE,0
178,6,class_06,waving ,16,animation_016,Waving,Waving,https://www.mixamo.com/#/?page=1&query=Waving&type=Motion%2CMotionPack,17,1,17,0,100,19,22,FALSE,FALSE,-50,150,4,50,100,50,50,0,20,0,20,nan,nan,Waving.fbx,TRUE,0
179,6,class_06,waving ,17,animation_017,Waving,Waving,https://www.mixamo.com/#/?page=1&query=Waving&type=Motion%2CMotionPack,17,1,17,0,100,16,21,FALSE,FALSE,-50,150,4,50,100,50,50,0,20,40,60,nan,nan,Waving.fbx,TRUE,0
180,6,class_06,waving ,18,animation_018,Waving,Waving,https://www.mixamo.com/#/?page=1&query=Waving&type=Motion%2CMotionPack,17,1,17,0,100,30,40,FALSE,FALSE,-50,150,4,50,100,50,50,0,20,80,100,nan,nan,Waving.fbx,TRUE,0
181,6,class_06,waving ,19,animation_019,Waving,Waving,https://www.mixamo.com/#/?page=1&query=Waving&type=Motion%2CMotionPack,17,1,17,0,100,20,23,FALSE,FALSE,-50,150,4,50,100,50,50,40,60,0,20,nan,nan,Waving.fbx,TRUE,0
182,6,class_06,waving ,20,animation_020,Waving,Waving,https://www.mixamo.com/#/?page=1&query=Waving&type=Motion%2CMotionPack,17,1,17,0,100,17,21,FALSE,FALSE,-50,150,4,50,100,50,50,40,60,40,60,nan,nan,Waving.fbx,TRUE,0
183,6,class_06,waving ,21,animation_021,Waving,Waving,https://www.mixamo.com/#/?page=1&query=Waving&type=Motion%2CMotionPack,17,1,17,0,100,29,39,FALSE,FALSE,-50,150,4,50,100,50,50,40,60,80,100,nan,nan,Waving.fbx,TRUE,0
184,6,class_06,waving ,22,animation_022,Waving,Waving,https://www.mixamo.com/#/?page=1&query=Waving&type=Motion%2CMotionPack,17,1,17,0,100,18,20,FALSE,FALSE,-50,150,4,50,100,50,50,80,100,0,20,nan,nan,Waving.fbx,TRUE,0
185,6,class_06,waving ,23,animation_023,Waving,Waving,https://www.mixamo.com/#/?page=1&query=Waving&type=Motion%2CMotionPack,17,1,17,0,100,18,21,FALSE,FALSE,-50,150,4,50,100,50,50,80,100,40,60,nan,nan,Waving.fbx,TRUE,0
186,6,class_06,waving ,24,animation_024,Waving,Waving,https://www.mixamo.com/#/?page=1&query=Waving&type=Motion%2CMotionPack,17,1,17,0,100,26,34,FALSE,FALSE,-50,150,4,50,100,50,50,80,100,80,100,nan,nan,Waving.fbx,TRUE,0
187,6,class_06,waving ,25,animation_025,Waving,Waving With Both Hands,https://www.mixamo.com/#/?page=1&query=Waving+With+Both+Hands&type=Motion%2CMotionPack,1,0,96,5,67,60,60,FALSE,FALSE,-50,150,2,50,100,50,50,nan,nan,nan,nan,nan,nan,Waving.fbx,FALSE,0
188,6,class_06,waving ,26,animation_026,Waving Gesture,Aj Waving Gesture,https://www.mixamo.com/#/?page=1&query=Aj+Waving+Gesture&type=Motion%2CMotionPack,2,0,45,-13,120,60,60,FALSE,FALSE,-50,150,2,50,100,50,50,nan,nan,nan,nan,nan,nan,Waving Gesture.fbx,FALSE,0
